calved,calving_date,lost,Herd,id,season,season_yr,dist_to_last_yr,mean_diff_dist,mean_ln_dist,prop_forest
TRUE,2017-05-22,FALSE,Fogo,FO2016002,calving,2017,4236.128825,1986.430047,0.361345572,0.622273249
TRUE,2017-05-22,FALSE,Fogo,FO2016008,calving,2017,6251.78356,3482.752281,0.600151933,0.747923231
TRUE,2017-05-31,TRUE,Fogo,FO2016003,calving,2017,225.4312513,1670.550272,0.169134145,0.53777905
TRUE,2018-06-11,TRUE,Fogo,FO2016003,calving,2018,228.8501735,3526.954178,0.381634665,0.538395415
TRUE,2017-06-01,TRUE,Fogo,FO2016004,calving,2017,24.2639378,1338.085101,0.0997859,0.612467682
TRUE,2017-06-16,TRUE,Fogo,FO2016005,calving,2017,1458.215533,1767.028475,0.181908582,0.209709853
TRUE,2018-06-18,FALSE,Fogo,FO2016005,calving,2018,3116.794592,3628.80255,0.543055436,0.566762178
TRUE,2017-06-01,FALSE,Fogo,FO2016010,calving,2017,2293.621382,1432.369995,0.129939457,0.0625
TRUE,2017-05-30,TRUE,Fogo,FO2016012,calving,2017,4453.330049,2428.252052,0.428777281,0.668959587
TRUE,2018-06-05,FALSE,Fogo,FO2016012,calving,2018,3107.09164,3125.169467,0.498868821,0.410484102
TRUE,2017-05-31,TRUE,Fogo,FO2016013,calving,2017,14425.69658,7157.831575,0.969496775,0.255154639
TRUE,2018-05-31,FALSE,Fogo,FO2016013,calving,2018,15365.57162,8005.640918,0.84055979,0.690278176
TRUE,2019-05-29,TRUE,Fogo,FO2016013,calving,2019,95.26979887,1609.790103,0.235346593,0.692771084
TRUE,2017-06-02,FALSE,Fogo,FO2016014,calving,2017,2688.701537,2005.51697,0.415459819,0.557212504
TRUE,2017-05-27,FALSE,Fogo,FO2016015,calving,2017,225.5992585,948.9902513,0.167963578,0.691712073
TRUE,2018-05-25,TRUE,Fogo,FO2016015,calving,2018,107.2792144,2737.883433,0.368370706,0.672398968
TRUE,2019-06-02,TRUE,Fogo,FO2016015,calving,2019,4293.000247,3374.007361,0.652307465,0.143267298
TRUE,2018-06-16,TRUE,Fogo,FO2017001,calving,2018,1189.726414,3792.144745,0.370062388,0.813253012
TRUE,2018-06-02,FALSE,Fogo,FO2017003,calving,2018,3164.6421,4017.304913,0.605950903,0.573230152
TRUE,2018-06-02,FALSE,Fogo,FO2017004,calving,2018,726.6919856,2899.706719,0.287192757,0.928018354
TRUE,2018-06-27,TRUE,Fogo,FO2017006,calving,2018,4077.577615,3074.26912,0.501621904,0.451114923
TRUE,2018-05-25,FALSE,Fogo,FO2017007,calving,2018,15982.80664,8001.794377,1.035786304,0.152722063
TRUE,2018-05-25,TRUE,Fogo,FO2017008,calving,2018,8514.272426,4430.477253,0.697630948,0.648339061
TRUE,2018-06-01,FALSE,Fogo,FO2017012,calving,2018,354.3124203,4471.484556,0.533811131,0.13063451
TRUE,2019-06-03,FALSE,Fogo,FO2018002,calving,2019,1975.05508,3644.915912,0.74587001,0.109392898
TRUE,2018-05-30,FALSE,Fogo,FO2017009,calving,2018,681.8740796,3544.046669,0.81300548,0.705477488
TRUE,2018-05-30,FALSE,Fogo,FO2017014,calving,2018,2811.170899,3633.675157,0.441244151,0.127543709
TRUE,2007-05-22,FALSE,Buchans,sc2006015,calving,2007,21133.17988,2276.630156,0.497433118,0.133103844
TRUE,2008-05-21,FALSE,Buchans,sc2006015,calving,2008,3167.757279,8219.67065,0.597641897,0.405971863
TRUE,2009-05-22,FALSE,Buchans,sc2006015,calving,2009,17921.31884,12082.30708,0.979427445,0.302492123
TRUE,2012-05-21,FALSE,Buchans,sc2006015,calving,2012,4117.930596,3533.613874,0.177576316,0.116012604
TRUE,2007-05-22,FALSE,Buchans,sc2006016,calving,2007,22859.33664,2440.724326,1.018137046,0.029006318
TRUE,2008-05-22,FALSE,Buchans,sc2006016,calving,2008,7177.932811,9407.738037,0.696792288,0.082734846
TRUE,2009-05-22,FALSE,Buchans,sc2006016,calving,2009,2393.48177,8334.188441,0.597700726,0.028177113
TRUE,2010-05-25,FALSE,Buchans,sc2006016,calving,2010,8804.05779,6345.953086,0.541657069,0.093382985
TRUE,2011-05-22,FALSE,Buchans,sc2006016,calving,2011,8229.100128,3628.238621,0.211022695,0.05588994
TRUE,2012-05-29,TRUE,Buchans,sc2006016,calving,2012,21728.76752,10324.0315,0.599512214,0.129603197
TRUE,2008-05-21,FALSE,Buchans,sc2006017,calving,2008,10046.77994,13975.42216,0.855159987,0.042431193
TRUE,2009-05-22,FALSE,Buchans,sc2006017,calving,2009,12085.97856,7695.328297,0.368114897,0.715677845
TRUE,2010-05-22,FALSE,Buchans,sc2006017,calving,2010,935.0603891,5048.106053,0.170463056,0.764250931
TRUE,2011-05-22,FALSE,Buchans,sc2006017,calving,2011,185.6028525,2913.11293,0.106970094,0.824475725
TRUE,2007-05-22,FALSE,Buchans,sc2006018,calving,2007,8854.824469,5268.573001,0.596245391,0.029807968
TRUE,2008-06-02,TRUE,Buchans,sc2006018,calving,2008,14251.61941,11739.60422,0.914131279,0.018067106
TRUE,2009-05-28,TRUE,Buchans,sc2006018,calving,2009,9069.518827,19950.31676,1.108843899,0.44096524
TRUE,2010-05-30,TRUE,Buchans,sc2006018,calving,2010,3093.036054,5893.457563,0.350191603,0.216208477
TRUE,2007-06-05,TRUE,Buchans,sc2006019,calving,2007,32978.96607,5819.745932,1.017740335,0.281653747
TRUE,2008-05-24,FALSE,Buchans,sc2006039,calving,2008,34768.39862,29990.49998,0.305090476,0.709049255
TRUE,2009-05-27,TRUE,Buchans,sc2006039,calving,2009,35686.23283,32348.26342,0.317660006,0.783319003
TRUE,2010-05-26,FALSE,Buchans,sc2006039,calving,2010,18490.91745,5896.478529,0.068716897,0.276425093
TRUE,2011-05-27,FALSE,Buchans,sc2006039,calving,2011,77770.39814,76179.44616,0.616581422,0.876146789
TRUE,2012-05-21,FALSE,Buchans,sc2006039,calving,2012,81944.80542,79015.71132,0.645739997,0.783605618
TRUE,2008-06-05,TRUE,Buchans,sc2006072,calving,2008,19027.57144,17219.81431,0.406463371,0.544020648
TRUE,2011-05-22,FALSE,Buchans,sc2006072,calving,2011,408.7031725,4626.02512,0.09369078,0.598623853
TRUE,2012-05-21,FALSE,Buchans,sc2006072,calving,2012,5240.592486,4662.868007,0.076738116,0.447662747
TRUE,2008-05-21,FALSE,Buchans,sc2006086,calving,2008,3207.106756,2603.835892,0.124247611,0.19357614
TRUE,2008-06-01,TRUE,Buchans,sc2007036,calving,2008,1772.421855,10634.52631,0.328781439,0.92087156
TRUE,2009-06-03,TRUE,Buchans,sc2007036,calving,2009,8507.387465,11516.89206,0.321787279,0.508736752
TRUE,2010-05-29,TRUE,Buchans,sc2007036,calving,2010,2823.691248,3679.92176,0.098848865,0.313736736
TRUE,2008-05-23,FALSE,Buchans,sc2007058,calving,2008,11066.0642,9336.488801,0.707964701,0.049655568
TRUE,2009-05-22,FALSE,Buchans,sc2007058,calving,2009,15040.17117,13280.72245,1.318779767,0.353092784
TRUE,2010-05-22,FALSE,Buchans,sc2007058,calving,2010,2116.525069,7198.246453,0.287650791,0.05198162
TRUE,2008-05-21,FALSE,Buchans,sc2007100,calving,2008,3813.541758,8455.837894,0.737345224,0.026934097
TRUE,2010-05-30,TRUE,Buchans,sc2009007,calving,2010,20766.59832,9319.328393,0.271891406,0.715922108
TRUE,2011-05-31,TRUE,Buchans,sc2009007,calving,2011,1751.982434,17551.24078,0.175353473,0.698853868
TRUE,2012-05-21,FALSE,Buchans,sc2009007,calving,2012,886.2976425,17893.95723,0.191454605,0.670295044
TRUE,2010-05-28,TRUE,Buchans,sc2009010,calving,2010,4232.75802,4820.855912,0.480397294,0.051289398
TRUE,2011-05-22,FALSE,Buchans,sc2009010,calving,2011,1777.444093,4247.805849,0.155648682,0.030676606
TRUE,2012-06-22,TRUE,Buchans,sc2009010,calving,2012,39439.12464,14300.36638,0.86113423,0.651476068
TRUE,2007-05-22,FALSE,Grey,sc2006007,calving,2007,3165.413588,1455.259039,0.05296856,0.661507595
TRUE,2008-05-22,TRUE,Grey,sc2006007,calving,2008,4654.350193,9239.276396,0.178663307,0.693057946
TRUE,2009-07-04,TRUE,Grey,sc2006007,calving,2009,11769.53101,15113.64722,0.216974485,0.468767908
TRUE,2010-06-08,TRUE,Grey,sc2006007,calving,2010,725.2104181,5318.421264,0.095414099,0.507608384
TRUE,2007-05-30,TRUE,Grey,sc2006008,calving,2007,53426.29539,15095.62719,0.404181759,0.406823394
TRUE,2008-05-21,FALSE,Grey,sc2006008,calving,2008,48055.76248,27564.25159,0.387489504,0.912084765
TRUE,2007-06-23,TRUE,Grey,sc2006010,calving,2007,58551.20172,22211.45343,0.5613021,0.295500143
TRUE,2008-05-21,FALSE,Grey,sc2006010,calving,2008,29567.84165,22259.67821,0.333465794,0.500286369
TRUE,2007-05-28,TRUE,Grey,sc2006011,calving,2007,1862.610603,8578.685459,0.157280797,0.530623927
TRUE,2008-06-01,TRUE,Grey,sc2006011,calving,2008,6532.789497,17242.48389,0.420361186,0.668773341
TRUE,2009-05-24,FALSE,Grey,sc2006011,calving,2009,2148.702991,15057.31961,0.329850707,0.351118761
TRUE,2010-05-27,FALSE,Grey,sc2006011,calving,2010,43036.61577,16830.136,0.354724129,0.067029504
TRUE,2011-05-26,TRUE,Grey,sc2006011,calving,2011,41553.36485,23528.2656,0.4527133,0.510011442
TRUE,2012-05-26,TRUE,Grey,sc2006011,calving,2012,831.6304757,4811.911246,0.075353552,0.40195234
TRUE,2007-06-05,TRUE,Grey,sc2006028,calving,2007,106375.6914,107394.8711,1.117580833,0.336100773
TRUE,2008-05-23,FALSE,Grey,sc2006028,calving,2008,20920.92586,20778.18781,0.148161734,0.321654222
TRUE,2008-05-24,TRUE,Grey,sc2006037,calving,2008,698.1089029,8007.818635,0.203094193,0.672295363
TRUE,2009-05-22,FALSE,Grey,sc2006037,calving,2009,1707.849685,6280.328407,0.151361654,0.657789233
TRUE,2010-05-30,TRUE,Grey,sc2006037,calving,2010,21491.23076,14934.11714,0.219017992,0.524914089
TRUE,2011-05-26,TRUE,Grey,sc2006037,calving,2011,14499.41811,13697.45617,0.1681298,0.569667431
TRUE,2012-05-27,TRUE,Grey,sc2006037,calving,2012,6998.11015,5724.557896,0.066880015,0.596556671
TRUE,2008-05-21,FALSE,Grey,sc2006051,calving,2008,2585.623988,8136.508983,0.190845309,0.660545194
TRUE,2009-05-29,TRUE,Grey,sc2006051,calving,2009,2201.024081,4866.256198,0.137330959,0.571305842
TRUE,2010-05-30,TRUE,Grey,sc2006051,calving,2010,9576.607034,11490.87688,0.365521,0.223017463
TRUE,2011-05-22,FALSE,Grey,sc2006051,calving,2011,10740.19971,12547.68363,0.251863546,0.48579627
TRUE,2008-06-17,TRUE,Grey,sc2006067,calving,2008,621.9609508,14909.95594,0.31097124,0.571223846
TRUE,2008-05-21,FALSE,Grey,sc2006069,calving,2008,184.7193996,9370.856605,0.161206269,0.610840264
TRUE,2009-05-22,FALSE,Grey,sc2006069,calving,2009,6252.670247,14264.91358,0.321377455,0.794092343
TRUE,2009-05-25,FALSE,Grey,sc2007028,calving,2009,80737.24535,33340.10172,0.728055456,0.806655192
TRUE,2010-05-25,FALSE,Grey,sc2007028,calving,2010,47849.1479,21031.69735,0.466834926,0.139255014
TRUE,2008-05-31,TRUE,Grey,sc2007032,calving,2008,2125.47291,14887.60598,0.27951063,0.578630765
TRUE,2009-05-22,FALSE,Grey,sc2007032,calving,2009,1126.100081,17402.96065,0.339673666,0.54769407
TRUE,2010-05-23,TRUE,Grey,sc2007032,calving,2010,2695.483911,9041.204662,0.179291684,0.854238259
TRUE,2011-05-22,FALSE,Grey,sc2007032,calving,2011,1468.648278,4751.634704,0.094183143,0.60882016
TRUE,2012-05-21,FALSE,Grey,sc2007032,calving,2012,1077.252406,516.5865806,0.010269829,0.805850301
TRUE,2008-05-21,FALSE,Grey,sc2007038,calving,2008,3714.402742,7948.968853,0.151431479,0.315759312
TRUE,2009-05-22,FALSE,Grey,sc2007038,calving,2009,5687.096475,10082.69445,0.230434196,0.755803955
TRUE,2010-05-27,TRUE,Grey,sc2007038,calving,2010,2377.408274,10060.28338,0.233790019,0.386735573
TRUE,2011-05-25,TRUE,Grey,sc2007038,calving,2011,1085.432376,8894.631412,0.195801594,0.240618734
TRUE,2012-05-21,FALSE,Grey,sc2007038,calving,2012,409.667825,911.745611,0.017203408,0.312535776
TRUE,2008-05-30,TRUE,Grey,sc2007041,calving,2008,32466.61447,21932.73574,0.313206907,0.355606539
TRUE,2009-06-02,TRUE,Grey,sc2007041,calving,2009,23347.97654,15697.90709,0.259946983,0.359070034
TRUE,2010-05-22,FALSE,Grey,sc2007041,calving,2010,23899.19307,13537.88595,0.282956248,0.282309018
TRUE,2011-05-22,FALSE,Grey,sc2007041,calving,2011,873.279133,5470.214837,0.094481713,0.315955314
TRUE,2008-05-21,FALSE,Grey,sc2007090,calving,2008,6442.833436,9871.997766,0.169640851,0.556766055
TRUE,2009-05-22,FALSE,Grey,sc2007090,calving,2009,1334.888208,3926.522229,0.08810777,0.43364861
TRUE,2010-05-29,TRUE,Grey,sc2007090,calving,2010,6732.233355,7798.296895,0.253355896,0.160504443
TRUE,2008-05-30,TRUE,Lapoile,sc2007055,calving,2008,23618.17046,32642.74931,0.850177214,0.077672686
TRUE,2009-05-29,FALSE,Lapoile,sc2007055,calving,2009,4128.634488,22698.69082,0.706376611,0.200286123
TRUE,2010-05-30,TRUE,Lapoile,sc2007055,calving,2010,28051.38171,26284.25204,1.053860131,0.517034068
TRUE,2011-06-17,TRUE,Lapoile,sc2007055,calving,2011,32064.44696,17935.06557,1.015853425,0.220853624
TRUE,2012-05-21,FALSE,Lapoile,sc2007055,calving,2012,39656.11127,23057.7185,1.790222285,0.210888252
TRUE,2010-05-22,FALSE,Lapoile,sc2007062,calving,2010,15687.10679,22090.23094,0.946276468,0.211973647
TRUE,2011-06-10,TRUE,Lapoile,sc2007062,calving,2011,12212.67211,10527.02091,0.896297013,0.089265212
TRUE,2012-05-23,FALSE,Lapoile,sc2007062,calving,2012,24929.19145,10353.60791,0.726578421,0.106047578
TRUE,2008-05-21,FALSE,Lapoile,sc2007063,calving,2008,104512.6188,88845.76016,1.266708717,0.403840642
TRUE,2009-05-22,FALSE,Lapoile,sc2007063,calving,2009,1076.699659,25233.00571,0.417948452,0.276406429
TRUE,2010-05-22,FALSE,Lapoile,sc2007063,calving,2010,787.7608807,17705.32739,0.294070559,0.374104841
TRUE,2008-05-21,FALSE,Lapoile,sc2007066,calving,2008,48559.62986,47082.22933,1.143348525,0.356773823
TRUE,2008-05-21,FALSE,Lapoile,sc2007067,calving,2008,48288.95481,40258.26938,1.489457264,0.314899713
TRUE,2009-05-29,FALSE,Lapoile,sc2007067,calving,2009,25877.81679,29817.4634,1.067615167,0.180829757
TRUE,2010-05-29,TRUE,Lapoile,sc2007067,calving,2010,68978.65507,34039.18924,0.891280636,0.539845758
TRUE,2011-06-04,TRUE,Lapoile,sc2007067,calving,2011,51428.78687,37142.95327,2.040490998,0.385386819
TRUE,2012-05-26,FALSE,Lapoile,sc2007067,calving,2012,5262.936636,3019.876278,0.552614984,0.11219233
TRUE,2008-06-04,TRUE,Lapoile,sc2007073,calving,2008,1156.141941,30019.25567,0.907869161,0.36037844
TRUE,2009-06-03,TRUE,Lapoile,sc2007073,calving,2009,37591.14532,29480.0584,0.744617966,0.452176403
TRUE,2010-05-28,TRUE,Lapoile,sc2007073,calving,2010,10114.77082,19191.05348,0.655047062,0.75486827
TRUE,2008-06-01,TRUE,Lapoile,sc2007074,calving,2008,40776.9226,36361.00658,1.134456406,0.060406527
TRUE,2009-06-01,TRUE,Lapoile,sc2007074,calving,2009,6151.03879,17218.14136,0.616148761,0.222986529
TRUE,2010-05-31,TRUE,Lapoile,sc2007074,calving,2010,26397.31209,24333.27902,0.81261672,0.117344018
TRUE,2011-05-22,FALSE,Lapoile,sc2007074,calving,2011,44322.46241,19101.33327,1.252771721,0.053352354
TRUE,2012-05-28,TRUE,Lapoile,sc2007074,calving,2012,5038.403973,13463.02593,1.378689262,0.218400688
TRUE,2008-06-04,TRUE,Lapoile,sc2007077,calving,2008,8865.668279,38847.05391,0.940204528,0.158256881
TRUE,2008-05-29,TRUE,Lapoile,sc2007079,calving,2008,17886.79621,32205.13838,0.961891478,0.864981327
TRUE,2009-05-25,FALSE,Lapoile,sc2007079,calving,2009,3729.724095,24860.09518,1.426229835,0.607235142
TRUE,2010-06-02,TRUE,Lapoile,sc2007079,calving,2010,11574.88143,23342.66029,1.320565263,0.18794835
TRUE,2008-05-28,FALSE,Lapoile,sc2007085,calving,2008,97506.17685,65860.10301,1.896919302,0.095784342
TRUE,2009-05-22,FALSE,Lapoile,sc2007085,calving,2009,134851.1837,124137.9331,2.856942223,0.324052813
TRUE,2010-05-22,FALSE,Lapoile,sc2007085,calving,2010,118488.6204,113762.2186,2.696151212,0.189506881
TRUE,2008-05-21,FALSE,Lapoile,sc2007086,calving,2008,18361.96301,33046.29202,0.998294024,0.357511468
TRUE,2009-05-22,FALSE,Lapoile,sc2007086,calving,2009,23005.28817,24337.29761,1.087494567,0.187213303
TRUE,2010-05-22,FALSE,Lapoile,sc2007086,calving,2010,16944.16647,20423.90019,1.015366523,0.03272101
TRUE,2010-05-22,FALSE,Lapoile,sc2009001,calving,2010,12436.06316,20238.48388,1.090569584,0.220309811
TRUE,2011-05-26,FALSE,Lapoile,sc2009001,calving,2011,15645.79469,8283.146883,0.803035838,0.293543759
TRUE,2012-05-30,TRUE,Lapoile,sc2009001,calving,2012,11559.58054,3022.540319,0.300920291,0.107357572
TRUE,2010-05-30,TRUE,Lapoile,sc2009006,calving,2010,2056.940548,18199.93796,0.431715479,0.346307956
TRUE,2010-05-24,FALSE,Midridge,mr2009a02,calving,2010,19408.02145,20221.54621,0.96559754,0.241695304
TRUE,2011-05-30,FALSE,Midridge,mr2009a02,calving,2011,8263.05945,8253.993855,0.624029603,0.057962697
TRUE,2012-05-29,TRUE,Midridge,mr2009a02,calving,2012,5006.421091,9522.20977,1.048715472,0.20206659
TRUE,2010-05-22,FALSE,Midridge,mr2009a03,calving,2010,340.8420686,4650.988487,0.360008048,0.138769671
TRUE,2011-06-04,TRUE,Midridge,mr2009a03,calving,2011,269.5344859,9749.970815,0.705823589,0.159770115
TRUE,2012-06-07,TRUE,Midridge,mr2009a03,calving,2012,7785.997336,4442.083045,0.250180129,0.677178899
TRUE,2013-05-22,FALSE,Midridge,mr2009a03,calving,2013,7483.11766,5734.828762,0.226047892,0.182391741
TRUE,2010-05-22,FALSE,Midridge,mr2009a04,calving,2010,9604.165121,5283.322811,0.417218514,0.092029817
TRUE,2010-05-22,FALSE,Midridge,mr2009a06,calving,2010,8928.439749,5894.068063,0.520188957,0.149009475
TRUE,2011-05-22,FALSE,Midridge,mr2009a06,calving,2011,4778.554096,6157.862504,0.494342733,0.476654254
TRUE,2012-05-21,FALSE,Midridge,mr2009a06,calving,2012,7132.40898,10396.98539,0.83707024,0.172591743
TRUE,2013-05-25,FALSE,Midridge,mr2009a06,calving,2013,7960.570381,8063.349395,0.805294829,0.197880871
TRUE,2010-05-26,FALSE,Midridge,mr2009a07,calving,2010,6245.043119,5645.74369,0.556657429,0.368737475
TRUE,2011-05-30,TRUE,Midridge,mr2009a07,calving,2011,869.3071882,3866.064217,0.335541284,0.253295129
TRUE,2012-05-21,FALSE,Midridge,mr2009a07,calving,2012,41939.80556,32360.5666,1.467696227,0.513761468
TRUE,2010-05-28,TRUE,Midridge,mr2009a08,calving,2010,10370.36938,7483.227363,0.710654084,0.361653272
TRUE,2011-06-01,TRUE,Midridge,mr2009a08,calving,2011,5999.111946,5568.384546,0.489563771,0.329215743
TRUE,2012-05-22,FALSE,Midridge,mr2009a08,calving,2012,8723.85261,9749.837245,0.861191121,0.334862385
TRUE,2010-06-01,FALSE,Midridge,mr2009a09,calving,2010,33496.05797,9742.087843,0.570640218,0.387918695
TRUE,2011-05-29,FALSE,Midridge,mr2009a09,calving,2011,16913.99188,13098.10637,0.905781079,0.134174312
TRUE,2012-05-24,FALSE,Midridge,mr2009a09,calving,2012,8664.478134,10426.67434,0.929906707,0.108022923
TRUE,2013-05-22,TRUE,Midridge,mr2009a09,calving,2013,22559.61345,15469.60395,1.300711098,0.437912245
TRUE,2012-05-28,TRUE,Midridge,mr2009a10,calving,2012,6017.865068,8765.08204,0.985845654,0.175408426
TRUE,2013-05-23,FALSE,Midridge,mr2009a10,calving,2013,4586.257217,7980.417759,0.624341871,0.119518487
TRUE,2010-05-22,FALSE,Midridge,mr2009a11,calving,2010,13975.75916,8254.075897,0.780087526,0.039805269
TRUE,2011-05-22,FALSE,Midridge,mr2009a11,calving,2011,11494.71009,9805.971904,0.863730028,0.209049255
TRUE,2010-05-22,FALSE,Midridge,mr2009a14,calving,2010,3867.37107,5787.888779,0.179458768,0.389718553
TRUE,2011-05-22,FALSE,Midridge,mr2009a14,calving,2011,6367.477368,6779.3523,0.196775179,0.287553648
TRUE,2010-06-04,TRUE,Midridge,mr2009a15,calving,2010,22842.20647,19910.17684,0.466665367,0.034502588
TRUE,2010-05-22,FALSE,Midridge,mr2009a16,calving,2010,13496.69952,8326.041983,0.882937562,0.242268041
TRUE,2011-05-22,FALSE,Midridge,mr2009a16,calving,2011,12452.57102,11038.22902,0.943932406,0.564212329
TRUE,2010-06-07,TRUE,Midridge,mr2009a17,calving,2010,4088.251489,6356.008345,0.616958405,0.038472581
TRUE,2010-05-26,FALSE,Midridge,mr2009a18,calving,2010,22070.02069,11486.37464,1.044655779,0.112861644
TRUE,2011-05-23,FALSE,Midridge,mr2009a18,calving,2011,7416.421656,6016.910742,0.72097662,0.290461186
TRUE,2012-06-04,TRUE,Midridge,mr2009a18,calving,2012,6129.706484,9117.527523,0.885243348,0.180802292
TRUE,2012-05-27,FALSE,Midridge,mr2009a21,calving,2012,14862.30999,11891.632,1.005312797,0.085509326
TRUE,2010-05-22,FALSE,Midridge,mr2009a24,calving,2010,8551.314967,5154.365748,0.502331319,0.130584192
TRUE,2011-05-22,FALSE,Midridge,mr2009a24,calving,2011,8203.828092,7072.341975,0.475259588,0.14117984
TRUE,2010-06-15,TRUE,Midridge,mr2009a25,calving,2010,16776.74615,10143.49963,1.035013664,0.583381089
TRUE,2011-05-24,FALSE,Midridge,mr2009a25,calving,2011,15228.79615,6947.042032,0.623158248,0.205738881
TRUE,2012-05-24,FALSE,Midridge,mr2009a25,calving,2012,2473.849415,9622.284747,0.668344591,0.04105656
TRUE,2013-05-23,TRUE,Midridge,mr2009a25,calving,2013,5309.884425,4889.020456,0.418282272,0.146620848
TRUE,2010-05-22,FALSE,Midridge,mr2009a26,calving,2010,1894.145472,7495.096128,0.847100635,0.199426112
TRUE,2010-05-22,FALSE,Midridge,mr2009a27,calving,2010,5121.04951,5883.731026,0.591474403,0.055539651
TRUE,2011-05-22,FALSE,Midridge,mr2009a28,calving,2011,61127.89977,23222.69537,0.444898151,0.917049369
TRUE,2011-05-22,FALSE,Midridge,mr2009a30,calving,2011,11900.20082,6572.687727,0.917033174,0.119047619
TRUE,2012-05-24,FALSE,Midridge,mr2009a30,calving,2012,14293.14536,12588.96213,0.886762575,0.117494973
TRUE,2011-05-23,FALSE,Midridge,mr2009a31,calving,2011,21343.51345,16057.55876,0.887346527,0.646704871
TRUE,2012-05-21,FALSE,Midridge,mr2009a31,calving,2012,43052.33345,16281.89608,0.540067936,0.950415592
TRUE,2013-05-28,FALSE,Midridge,mr2009a31,calving,2013,15182.18769,9859.556453,0.57763588,0.122817063
TRUE,2012-05-21,FALSE,Midridge,mr2010a01,calving,2012,4936.754208,10354.90329,0.575784388,0.100315277
TRUE,2012-06-05,FALSE,Midridge,mr2011a01,calving,2012,8186.453883,8556.187621,0.692813027,0.086819484
TRUE,2013-05-22,FALSE,Midridge,mr2011a01,calving,2013,10363.96843,5240.723275,0.331681789,0.450042943
TRUE,2012-05-21,FALSE,Midridge,mr2011a04,calving,2012,11957.46403,17574.30891,0.553553648,0.711257519
TRUE,2013-05-24,TRUE,Midridge,mr2011a04,calving,2013,4412.646049,3075.334797,0.167414549,0.323200459
TRUE,2007-05-22,FALSE,Pothill,sc2006001,calving,2007,11013.91902,7910.875078,0.450228214,0.559059633
TRUE,2008-06-04,TRUE,Pothill,sc2006001,calving,2008,6837.321645,6937.073236,0.26631056,0.307206431
TRUE,2007-06-02,TRUE,Pothill,sc2006002,calving,2007,38162.29443,3528.067829,0.158749525,0.862829324
TRUE,2008-05-21,FALSE,Pothill,sc2006002,calving,2008,39436.41382,20093.0331,0.68847779,0.757359245
TRUE,2009-05-22,FALSE,Pothill,sc2006002,calving,2009,1021.609866,4523.21522,0.178117899,0.692638213
TRUE,2010-05-22,FALSE,Pothill,sc2006002,calving,2010,1044.011049,2352.486545,0.115876549,0.553965073
TRUE,2007-06-01,TRUE,Pothill,sc2006004,calving,2007,1541.624356,8117.543003,0.450605891,0.900743707
TRUE,2008-06-03,TRUE,Pothill,sc2006004,calving,2008,997.3784472,4778.836879,0.234853385,0.737234653
TRUE,2009-06-04,TRUE,Pothill,sc2006004,calving,2009,641.3207055,2992.662915,0.123121273,0.849613291
TRUE,2010-06-07,TRUE,Pothill,sc2006004,calving,2010,1322.642636,4540.4466,0.192896757,0.796503296
TRUE,2008-06-07,TRUE,Pothill,sc2006036,calving,2008,32713.91358,16602.85521,0.701671782,0.567327017
TRUE,2009-05-25,FALSE,Pothill,sc2006036,calving,2009,19697.80442,11619.65386,0.522623012,0.764857881
TRUE,2010-05-22,FALSE,Pothill,sc2006036,calving,2010,2017.143274,4012.493046,0.163059661,0.782172542
TRUE,2011-05-30,TRUE,Pothill,sc2006036,calving,2011,27946.33859,15348.84797,0.438633449,0.219770774
TRUE,2012-05-21,FALSE,Pothill,sc2006036,calving,2012,26955.59363,1955.233907,0.084924931,0.766695328
TRUE,2008-05-27,TRUE,Pothill,sc2007006,calving,2008,6204.928279,3738.284285,0.112493898,0.309762382
TRUE,2008-05-22,FALSE,Pothill,sc2007007,calving,2008,2860.13676,3690.222599,0.10918753,0.896591235
TRUE,2008-05-21,FALSE,Pothill,sc2007014,calving,2008,5765.92703,3715.315112,0.134395668,0.761142857
TRUE,2009-05-22,TRUE,Pothill,sc2007014,calving,2009,3463.300276,6753.43282,0.173350685,0.879701407
TRUE,2008-05-21,FALSE,Pothill,sc2007016,calving,2008,2722.380749,4489.660758,0.195933934,0.613474165
TRUE,2009-05-22,FALSE,Pothill,sc2007016,calving,2009,2334.120026,4423.932194,0.235154748,0.714408479
TRUE,2008-05-25,FALSE,Pothill,sc2007018,calving,2008,15260.62768,11856.63182,0.311910529,0.677002584
TRUE,2009-05-22,FALSE,Pothill,sc2007018,calving,2009,16016.99723,11403.72239,0.340530741,0.449341729
TRUE,2010-05-27,TRUE,Pothill,sc2007018,calving,2010,2049.986343,4010.513007,0.09482425,0.028431936
TRUE,2008-05-29,TRUE,Pothill,sc2007020,calving,2008,3136.356575,3410.309429,0.200251677,0.756013746
TRUE,2009-05-22,FALSE,Pothill,sc2007020,calving,2009,1395.604027,5690.311,0.175419083,0.780389908
TRUE,2010-05-22,FALSE,Pothill,sc2007020,calving,2010,1380.555004,2742.114725,0.079802207,0.769495413
TRUE,2011-05-22,FALSE,Pothill,sc2007020,calving,2011,332.4097245,5217.756975,0.255619325,0.778127684
TRUE,2010-06-22,TRUE,Pothill,sc2007034,calving,2010,2512.256721,5971.146887,0.096237113,0.498710232
TRUE,2011-06-05,TRUE,Pothill,sc2007034,calving,2011,13527.1155,9790.830168,0.147615052,0.137940923
TRUE,2008-05-21,FALSE,Pothill,sc2007044,calving,2008,4378.41305,4096.468095,0.24444963,0.910051399
TRUE,2009-05-25,FALSE,Pothill,sc2007044,calving,2009,33408.34453,22335.40336,0.775898056,0.080561927
TRUE,2010-05-22,FALSE,Pothill,sc2007044,calving,2010,9708.559578,8569.691462,0.217938849,0.165187518
TRUE,2011-05-22,FALSE,Pothill,sc2007044,calving,2011,12494.01914,4737.860165,0.110890457,0.380419179
TRUE,2008-05-21,FALSE,Pothill,sc2007046,calving,2008,440.7697323,2751.059908,0.117538826,0.571305842
TRUE,2009-05-22,FALSE,Pothill,sc2007046,calving,2009,556.8657439,3747.662615,0.127874398,0.526059565
TRUE,2010-05-25,TRUE,Pothill,sc2007046,calving,2010,27932.75659,13618.15897,0.512165308,0.798280802
TRUE,2011-05-27,FALSE,Pothill,sc2007046,calving,2011,27725.82018,13268.35557,0.362746385,0.539764571
TRUE,2012-05-21,FALSE,Pothill,sc2007046,calving,2012,1044.617222,1363.427443,0.058450516,0.501002578
TRUE,2008-06-02,TRUE,Pothill,sc2007048,calving,2008,6547.814361,6957.105974,0.343599257,0.856445593
TRUE,2009-05-29,FALSE,Pothill,sc2007048,calving,2009,11930.54991,6820.92427,0.321285062,0.753727064
TRUE,2007-06-07,TRUE,Topsails,sc2006022,calving,2007,13500.37738,6607.061097,1.612225206,0.005747126
TRUE,2008-06-06,TRUE,Topsails,sc2006022,calving,2008,21370.5826,15601.49693,0.614974697,0.046812177
TRUE,2009-05-30,FALSE,Topsails,sc2006022,calving,2009,13422.36622,9686.78346,0.94292858,0.010309278
TRUE,2010-05-22,FALSE,Topsails,sc2006022,calving,2010,2568.314998,8944.731319,0.89331169,0.131880734
TRUE,2007-05-22,FALSE,Topsails,sc2006026,calving,2007,24599.10513,37266.37465,4.305180107,0.842286699
TRUE,2008-05-29,TRUE,Topsails,sc2006026,calving,2008,36696.68855,17866.88237,0.882480407,0.331708716
TRUE,2009-05-22,FALSE,Topsails,sc2006026,calving,2009,35824.05426,20286.27829,1.084208582,0.766695328
TRUE,2010-05-25,TRUE,Topsails,sc2006026,calving,2010,4725.170981,5827.495575,0.189683543,0.333142366
TRUE,2008-05-21,FALSE,Topsails,sc2006057,calving,2008,1395.91265,4806.286276,0.163148833,0.903752506
TRUE,2009-05-30,TRUE,Topsails,sc2006057,calving,2009,13444.60949,12974.14825,0.458273055,0.510327022
TRUE,2010-05-22,FALSE,Topsails,sc2006057,calving,2010,3259.833925,4229.236499,0.15833754,0.627793696
TRUE,2008-05-23,FALSE,Topsails,sc2006076,calving,2008,10673.19602,9124.796145,0.34881574,0.416929699
TRUE,2008-05-21,FALSE,Topsails,sc2006079,calving,2008,2365.370855,4617.566889,0.150634681,0.567211235
TRUE,2008-05-24,FALSE,Topsails,sc2006080,calving,2008,13198.04909,9425.094502,0.441666114,0.149856734
TRUE,2009-06-05,TRUE,Topsails,sc2006080,calving,2009,6505.493276,6808.650367,0.375855467,0.129873853
TRUE,2008-05-21,FALSE,Topsails,sc2006082,calving,2008,7779.078953,7136.122223,0.376297882,0.191404011
TRUE,2009-05-22,FALSE,Topsails,sc2006082,calving,2009,4524.914083,5935.780445,0.28023993,0.368436155
TRUE,2008-06-10,TRUE,Topsails,sc2006085,calving,2008,13249.06296,16159.225,1.009135917,0.057626147
TRUE,2009-06-07,TRUE,Topsails,sc2006085,calving,2009,22618.50075,12658.93127,0.596449026,0.583644189
TRUE,2010-05-24,FALSE,Topsails,sc2006085,calving,2010,11066.63006,6707.946698,0.313017988,0.439220183
TRUE,2011-05-30,TRUE,Topsails,sc2006085,calving,2011,13420.29018,10579.27918,0.548714137,0.307118255
TRUE,2012-05-23,FALSE,Topsails,sc2006085,calving,2012,7261.643628,2301.465245,0.164715899,0.400919012
TRUE,2008-05-30,FALSE,Topsails,sc2007004,calving,2008,32039.07321,17802.37018,0.79453999,0.234451132
TRUE,2008-06-05,TRUE,Topsails,sc2007010,calving,2008,4955.642716,16643.06981,1.000541321,0.154485526
TRUE,2009-06-06,TRUE,Topsails,sc2007010,calving,2009,5805.251886,10294.19331,0.770766912,0.045050215
TRUE,2010-05-28,TRUE,Topsails,sc2007010,calving,2010,6237.810176,7697.189608,0.717007033,0.611318587
TRUE,2011-05-25,FALSE,Topsails,sc2007010,calving,2011,3763.221752,4722.595845,0.191961628,0.075509618
TRUE,2008-06-04,TRUE,Topsails,sc2007051,calving,2008,14013.39655,11419.77942,0.450033237,0.438269837
TRUE,2009-06-08,TRUE,Topsails,sc2007051,calving,2009,27378.36851,17562.99792,1.219773523,0.104991394
TRUE,2010-06-01,FALSE,Topsails,sc2007051,calving,2010,18720.86089,14978.73507,1.065125516,0.05638237
TRUE,2008-05-21,FALSE,Topsails,sc2007054,calving,2008,62.90935006,3932.304186,0.095467128,0.654618474
TRUE,2009-05-22,FALSE,Topsails,sc2007054,calving,2009,1122.656104,4924.486196,0.124390679,0.838016055
TRUE,2010-05-28,FALSE,Topsails,sc2007054,calving,2010,1542.139688,4854.187016,0.115927221,0.744259472
TRUE,2011-06-02,TRUE,Topsails,sc2007054,calving,2011,2861.019246,4801.560136,0.154050348,0.756160458
TRUE,2008-06-05,TRUE,Topsails,sc2007096,calving,2008,66502.22298,23669.21897,0.711971946,0.793855871
TRUE,2009-06-01,TRUE,Topsails,sc2007096,calving,2009,66558.49732,22326.84882,0.657532452,0.815600803
TRUE,2010-05-30,TRUE,Topsails,sc2007096,calving,2010,1004.832173,8173.899666,0.228580993,0.738108883
TRUE,2011-05-22,FALSE,Topsails,sc2007096,calving,2011,484.9235647,10713.02208,0.471365493,0.806377478
TRUE,2010-05-23,TRUE,Topsails,sc2009002,calving,2010,988.3273447,4346.706729,0.094568679,0.811120665
TRUE,2010-06-15,TRUE,Topsails,sc2009004,calving,2010,9337.933702,10654.24556,0.106249291,0.87184633
TRUE,2010-05-22,FALSE,Topsails,sc2009005,calving,2010,1829.437016,4509.264704,0.16293703,0.496993988
TRUE,2011-05-22,FALSE,Topsails,sc2009005,calving,2011,2765.497728,8296.295753,0.271378803,0.469224163
TRUE,2010-05-24,FALSE,Topsails,sc2009011,calving,2010,16926.00003,9481.234054,0.686437382,0.079587747
TRUE,2011-05-22,FALSE,Topsails,sc2009011,calving,2011,13616.30887,6359.229855,0.341447809,0.085861477
TRUE,2012-05-21,FALSE,Topsails,sc2009011,calving,2012,435.1222039,6183.796699,0.481351728,0.150143266
TRUE,2010-05-25,FALSE,Topsails,sc2009012,calving,2010,11530.04801,8175.894572,0.443137838,0.004873853
TRUE,2011-05-27,FALSE,Topsails,sc2009012,calving,2011,5426.255398,5952.746377,0.240732906,0.036931005
TRUE,2012-05-26,FALSE,Topsails,sc2009012,calving,2012,9228.658717,14858.00321,1.549633085,0.024348324
